1000,Nancy Woods,34,Female,
1001,Jimmy Chapman,37,Male,
1002,Sandra Little,20,Female,
1003,Daniel Mcdonald,30,Male,
1004,Roger Wheeler,19,Male,
1005,Judith Lawson,42,Female,
1006,Nancy Mcdonald,41,Female,
1007,Donald Lynch,48,Male,
1008,Linda Thomas,49,Female,
1009,Tina Russell,31,Female,
1010,Christina Hall,36,Female,
1011,Anne Hicks,23,Female,
1012,Ashley Smith,46,Female,
1013,Kimberly Fowler,22,Female,
1014,Victor Rivera,46,Male,
1015,Harold Kelly,30,Male,
1016,Gregory Tucker,42,Male,
1017,Craig Harvey,26,Male,
1018,Evelyn Clark,25,Female,
1019,Albert Burke,49,Male,
1020,Ashley Reyes,28,Female,
1021,Julia Jacobs,40,Female,
1022,Ruby Black,47,Female,94598 CEDEX 2
1023,Rose Owens,20,Female,
1024,Jesse Rice,36,Male,
1025,Amanda Johnson,18,Female,
1026,Ashley Marshall,42,Female,91841
1027,Jeffrey Boyd,41,Male,
1028,Harry Scott,33,Male,
1029,Henry Weaver,47,Male,
1030,Tina Gutierrez,43,Female,
1031,Robert Berry,22,Male,
1032,Joyce Hart,20,Female,
1033,Gregory Harvey,44,Male,
1034,Sharon Stone,36,Female,
1035,Joe Reid,18,Male,
1036,Joyce James,39,Female,
1037,Lillian Sanders,43,Female,
1038,Jessica Taylor,24,Female,
1039,Theresa Howell,29,Female,
1040,Peter Robertson,47,Male,95108
1041,Richard Ortiz,50,Male,
1042,Wayne Sullivan,19,Male,88514
1043,Russell Banks,41,Male,80945
1044,Wanda Reid,31,Female,
1045,Billy Medina,29,Male,
1046,Chris Schmidt,47,Male,
1047,Douglas Roberts,33,Male,11355
1048,Anna Duncan,34,Female,
1049,Angela Davis,50,Female,
1050,Jennifer Rivera,47,Female,
1051,Joseph Cruz,41,Male,
1052,Jane Ortiz,32,Female,
1053,Bonnie Morgan,45,Female,2775-381
1054,Jeremy Hicks,32,Male,
1055,Betty Stanley,30,Female,
1056,Roger Gonzales,29,Male,
1057,Ralph Gordon,25,Male,
1058,Catherine Boyd,22,Female,
1059,Ashley Anderson,50,Female,
1060,Laura Vasquez,33,Female,
1061,Ruth Nichols,48,Female,
1062,Craig Oliver,42,Male,
1063,Mildred Lynch,21,Female,92153
1064,Paula Little,31,Female,
1065,Frances Fuller,20,Female,
1066,Cynthia Jenkins,45,Female,
1067,Ruth Chavez,49,Female,
1068,Sarah Gutierrez,42,Female,
1069,Randy Owens,25,Male,
1070,Edward Peters,24,Male,
1071,Billy Jordan,39,Male,
1072,Christopher Taylor,21,Male,
1073,Joan Campbell,18,Female,5406
1074,Evelyn Hunt,42,Female,13269 CEDEX 08
1075,Lois Rodriguez,48,Female,
1076,Bobby Frazier,29,Male,
1077,Shawn Harrison,25,Male,
1078,Jimmy Hawkins,47,Male,
1079,Marie Banks,19,Female,
1080,Heather Fox,50,Female,
1081,Ruby Barnes,37,Female,
1082,Sandra Campbell,22,Female,
1083,William Miller,50,Male,96818
1084,David Cole,30,Male,
1085,Thomas Taylor,28,Male,
1086,Kimberly Graham,41,Female,
1087,Donald Ferguson,33,Male,
1088,Carolyn Robinson,22,Female,
1089,Richard Scott,23,Male,
1090,Doris Welch,19,Female,
1091,Michael Allen,28,Male,
1092,Douglas Franklin,43,Male,
1093,Irene Crawford,30,Female,903 33
1094,Andrew Gilbert,48,Male,
1095,Daniel Castillo,32,Male,
1096,Anna Simpson,32,Female,
1097,Paula Harper,47,Female,
1098,Lois Ramirez,20,Female,
1099,Ryan Sullivan,31,Male,
1100,Christina Ferguson,37,Female,
1101,Evelyn Washington,47,Female,
1102,Earl Tucker,32,Male,
1103,David Berry,33,Male,
1104,Rose Simpson,22,Female,
1105,Shawn Fox,31,Male,
1106,Joan Burns,24,Female,
1107,Andrea George,47,Female,
1108,Janice Cook,50,Female,
1109,Rebecca West,42,Female,
1110,Kenneth Moore,35,Male,
1111,Linda Andrews,49,Female,
1112,Jessica Richardson,33,Female,
1113,Michael George,37,Male,
1114,Maria Meyer,32,Female,
1115,Jennifer Ford,41,Female,
1116,Harold Williamson,45,Male,
1117,Judy Brown,21,Female,
1118,Albert Owens,42,Male,
1119,Martin Sims,27,Male,
1120,Daniel Oliver,33,Male,
1121,Ruth Gomez,44,Female,
1122,Helen Snyder,34,Female,
1123,Kathy Stone,42,Female,
1124,Jeffrey Ortiz,36,Male,
1125,Diana Webb,48,Female,
1126,Steve Franklin,37,Male,6509
1127,Ernest Hernandez,29,Male,
1128,Michelle Gilbert,34,Female,80686
1129,Andrea Brown,46,Female,
1130,Christopher Richardson,22,Male,
1131,Mark Bell,37,Male,
1132,Gary Gray,42,Male,
1133,Jessica Kennedy,36,Female,44324 CEDEX 3
1134,Gary Brown,42,Male,
1135,Paul Stanley,20,Male,
1136,Sean Stone,37,Male,
1137,Gary Meyer,47,Male,63043 CEDEX 2
1138,Rachel Carter,44,Female,
1139,Douglas Lee,35,Male,31039 CEDEX 9
1140,Jessica Wright,28,Female,
1141,Judith Day,38,Female,80004 CEDEX 1
1142,Robert White,18,Male,
1143,Louise Matthews,41,Female,
1144,Theresa Burke,24,Female,
1145,Bruce Cole,22,Male,
1146,Cheryl Thompson,28,Female,
1147,Christopher Murphy,33,Male,4520-525
1148,Ryan Lopez,29,Male,
1149,Jessica Lopez,46,Female,
1150,Samuel Bell,28,Male,
1151,Robin Washington,45,Female,75552
1152,Sean Gonzalez,46,Male,
1153,Justin Payne,50,Male,
1154,Ryan Morris,26,Male,
1155,William Schmidt,32,Male,
1156,Edward Larson,32,Male,
1157,Mildred Hall,43,Female,
1158,Fred Sanders,48,Male,
1159,Bruce Sanders,38,Male,
1160,Paul Young,27,Male,
1161,Evelyn Ross,27,Female,
1162,Carol Hansen,49,Female,2705-215
1163,Philip Flores,20,Male,
1164,Kevin Stephens,20,Male,
1165,Joe Perry,31,Male,
1166,Carolyn Elliott,18,Female,
1167,Willie Spencer,21,Male,
1168,Todd Murray,29,Male,
1169,Ann Cunningham,19,Female,
1170,Joan Davis,38,Female,
1171,Christopher Ortiz,24,Male,
1172,Christina Palmer,27,Female,
1173,Sean Andrews,45,Male,
1174,Gary Spencer,42,Male,59800
1175,Todd Marshall,43,Male,24129
1176,Kathleen Gordon,46,Female,33615
1177,Lillian Gordon,48,Female,
1178,Jason Bennett,44,Male,
1179,Mildred Greene,22,Female,30540
1180,Nancy Olson,22,Female,
1181,Nicole Olson,28,Female,332 24
1182,Nicholas Jordan,46,Male,
1183,Maria Ellis,30,Female,
1184,Willie Stephens,24,Male,
1185,Maria Black,23,Female,
1186,Denise Mccoy,29,Female,
1187,Emily Berry,22,Female,
1188,Margaret Coleman,33,Female,
1189,Janice Gomez,26,Female,
1190,Cynthia Gordon,48,Female,
1191,Christina Sanchez,37,Female,
1192,David Holmes,44,Male,
1193,Mark Russell,45,Male,7900-234
1194,Jennifer Cole,48,Female,451 61
1195,Shawn Chapman,18,Male,
1196,Antonio Griffin,39,Male,
1197,Jeremy Gilbert,49,Male,67013 CEDEX
1198,Scott Cunningham,50,Male,
1199,Robert Reynolds,47,Male,
1200,Donna Brooks,21,Female,
1201,Randy Butler,44,Male,
1202,Debra Burns,35,Female,
1203,Larry Willis,31,Male,
1204,Doris Campbell,41,Female,
1205,Janice Bowman,39,Female,
1206,Amanda Crawford,30,Female,5050-401
1207,Carol Hernandez,44,Female,
1208,Jeremy Spencer,40,Male,
1209,Christina Johnson,18,Female,
1210,Nicholas Hicks,34,Male,
1211,Matthew Berry,30,Male,
1212,Aaron Duncan,29,Male,
1213,Paul Watkins,19,Male,
1214,Dennis Evans,22,Male,
1215,Helen Walker,41,Female,
1216,Justin Perez,41,Male,68947 CEDEX 9
1217,Kevin Holmes,50,Male,
1218,Anne Duncan,24,Female,
1219,David Marshall,22,Male,
1220,Michael Howell,28,Male,5070-175
1221,Sara Bell,18,Female,
1222,Gary Shaw,26,Male,29551 CEDEX 9
1223,Janice Lynch,41,Female,
1224,Virginia Kennedy,35,Female,
1225,Michelle Fields,39,Female,
1226,Randy Harrison,29,Male,
1227,Janice Cruz,19,Female,
1228,Martin Webb,26,Male,
1229,Terry Clark,47,Male,
1230,Dorothy Oliver,28,Female,84033 CEDEX 3
1231,Frank Carr,32,Male,
1232,George Cruz,40,Male,
1233,Timothy Ramos,24,Male,
1234,Heather Gilbert,36,Female,50943
1235,Frank Gilbert,43,Male,
1236,Paula Moreno,32,Female,
1237,Joan Gonzalez,29,Female,
1238,Lori Snyder,19,Female,
1239,Aaron Fowler,37,Male,
1240,Irene Welch,32,Female,
1241,Kenneth Matthews,27,Male,91169 CEDEX
1242,Larry Hill,32,Male,
1243,Margaret Martinez,19,Female,90480
1244,Sandra Hernandez,39,Female,
1245,Jane Gibson,39,Female,
1246,Larry Carpenter,20,Male,
1247,George Collins,40,Male,
1248,Richard Ward,36,Male,
1249,Andrew Marshall,47,Male,
1250,Jack Ramirez,19,Male,
1251,Joshua Alvarez,27,Male,
1252,Russell Arnold,27,Male,
1253,Rachel Duncan,48,Female,
1254,Richard Fox,19,Male,
1255,Lisa Butler,27,Female,9037
1256,Arthur Cole,37,Male,
1257,Paula James,37,Female,
1258,Marilyn Morris,48,Female,36215
1259,Anthony Perry,48,Male,
1260,Craig Myers,39,Male,
1261,Christina Rivera,31,Female,
1262,Judy Little,29,Female,
1263,Patrick Howard,18,Male,
1264,Maria Grant,26,Female,
1265,Jane Torres,42,Female,
1266,Catherine Garza,40,Female,61304 CEDEX
1267,Sara Sanders,29,Female,
1268,Philip Armstrong,19,Male,
1269,Patricia Perry,21,Female,
1270,Rose Myers,25,Female,4960-180
1271,David Day,32,Male,
1272,Helen Stevens,32,Female,
1273,Paul Walker,30,Male,
1274,Joan Myers,21,Female,
1275,Daniel Martin,28,Male,
1276,Jeremy Mcdonald,26,Male,
1277,Wanda Scott,33,Female,
1278,Brenda Lane,42,Female,
1279,Christopher Walker,25,Male,N3
1280,Ann Rivera,31,Female,
1281,Linda Hansen,50,Female,
1282,Lori Griffin,45,Female,
1283,Thomas Sanchez,19,Male,
1284,Theresa Brown,42,Female,375 90
1285,Johnny Morgan,23,Male,
1286,Eric Gibson,40,Male,
1287,Carlos Hill,30,Male,
1288,Lori Peterson,41,Female,
1289,Michelle Stanley,32,Female,62604 CEDEX
1290,Rachel Coleman,40,Female,
1291,Mark Gonzalez,45,Male,
1292,Janet Webb,18,Female,
1293,Victor Fields,21,Male,
1294,Diane Gonzales,28,Female,
1295,Kenneth Simmons,34,Male,
1296,Lois Mendoza,18,Female,
1297,Annie Rice,45,Female,2855-174
1298,Phyllis Campbell,44,Female,28015
1299,Larry Romero,29,Male,
1300,Theresa King,49,Female,
1301,Bobby Watson,28,Male,
1302,William Rodriguez,50,Male,
1303,Earl Ruiz,18,Male,
1304,Earl Martin,47,Male,
1305,Rose Foster,43,Female,
1306,Theresa Ryan,22,Female,64017 CEDEX 9
1307,Jean Washington,26,Female,
1308,Jimmy Bennett,33,Male,
1309,Kathy Ferguson,25,Female,
1310,Theresa Crawford,48,Female,
1311,Chris Kim,32,Male,
1312,Robin Fox,30,Female,
1313,Keith Williamson,27,Male,
1314,John Johnston,28,Male,
1315,Russell Bowman,45,Male,
1316,Ralph Willis,29,Male,
1317,Sharon Owens,35,Female,
1318,Jeffrey Hunt,49,Male,134 40
1319,Lois Morrison,27,Female,1540
1320,Philip Porter,49,Male,
1321,Samuel Harper,25,Male,
1322,Samuel Cook,35,Male,
1323,Stephen Hill,40,Male,
1324,Janice Jackson,37,Female,2635-230
1325,Angela Day,25,Female,98682
1326,Matthew Gardner,35,Male,
1327,Joe Brown,19,Male,99599
1328,David Ryan,34,Male,41600
1329,Samuel Washington,30,Male,
1330,Eric Perez,37,Male,
1331,Arthur Wheeler,28,Male,
1332,Arthur Wilson,46,Male,
1333,Matthew Snyder,34,Male,
1334,Larry Gomez,40,Male,
1335,Julia Gonzalez,21,Female,
1336,Patricia Hayes,48,Female,
1337,Andrea Wilson,25,Female,
1338,Martha Ryan,37,Female,
1339,Bobby Murray,30,Male,
1340,Julia Sanders,21,Female,
1341,Adam Allen,26,Male,
1342,Juan Black,32,Male,16522
1343,Chris Ryan,43,Male,
1344,Jessica Day,42,Female,
1345,Jacqueline Spencer,33,Female,
1346,Steven Bradley,33,Male,
1347,Bobby Cook,23,Male,
1348,Katherine Price,18,Female,
1349,Earl Hansen,35,Male,
1350,Willie Simmons,37,Male,45264
1351,Thomas Phillips,21,Male,
1352,Jessica Knight,42,Female,25590
1353,Dorothy James,37,Female,
1354,Brandon Henry,36,Male,
1355,Annie Perry,41,Female,
1356,Paula Schmidt,44,Female,
1357,Ernest Mccoy,26,Male,
1358,Steven Howell,28,Male,
1359,Matthew Berry,24,Male,
1360,Frank Shaw,34,Male,
1361,Frank Rice,30,Male,
1362,Wayne Mcdonald,24,Male,
1363,Gary Simmons,50,Male,
1364,Mary Robertson,35,Female,
1365,Christopher West,36,Male,5644
1366,Doris Ruiz,21,Female,
1367,Kenneth Burns,30,Male,
1368,Victor Fernandez,24,Male,
1369,Harold Richards,37,Male,
1370,Phillip Johnson,25,Male,4745-530
1371,Phillip Alexander,37,Male,
1372,Gregory Wells,42,Male,
1373,Lisa Turner,45,Female,
1374,Carlos Pierce,45,Male,
1375,Antonio Moore,43,Male,
1376,Jennifer Perry,48,Female,25705
1377,Tina Collins,28,Female,
1378,Roger Pierce,40,Male,
1379,Annie Richards,50,Female,
1380,Anthony Gibson,50,Male,
1381,Kelly Stephens,26,Female,
1382,Ruth Henry,23,Female,
1383,Beverly George,37,Female,
1384,Kenneth Martin,40,Male,
1385,Evelyn Gonzales,47,Female,
1386,Angela Garza,50,Female,
1387,Dorothy Watson,27,Female,
1388,Kevin Lewis,38,Male,
1389,Marilyn Pierce,18,Female,85705
1390,Pamela Cooper,31,Female,
1391,Deborah Howard,46,Female,
1392,Michelle Elliott,38,Female,
1393,Daniel Reid,50,Male,
1394,Steve Johnston,36,Male,
1395,Janice Graham,33,Female,
1396,Patricia Burton,25,Female,
1397,Heather Williams,31,Female,
1398,Joyce Lynch,20,Female,
1399,Daniel Harris,41,Male,
1400,Kimberly Perez,24,Female,
1401,Aaron Warren,32,Male,
1402,Andrea Miller,44,Female,
1403,Janice Bryant,19,Female,64017 CEDEX 9
1404,Paula Rodriguez,50,Female,
1405,Phyllis Lawrence,47,Female,
1406,Janice Kelly,28,Female,
1407,Victor Phillips,28,Male,
1408,Donna Hanson,27,Female,
1409,Kathryn Perez,33,Female,
1410,Tina Ford,42,Female,
1411,Victor Greene,33,Male,
1412,Theresa Lawrence,49,Female,
1413,Patrick Edwards,50,Male,
1414,Charles Wood,32,Male,
1415,Earl Johnson,20,Male,
1416,Timothy Robinson,32,Male,
1417,Benjamin Grant,42,Male,
1418,Wanda Martin,37,Female,
1419,Alice Dixon,22,Female,
1420,Thomas Clark,29,Male,
1421,Joe Powell,24,Male,
1422,Gloria Morales,48,Female,
1423,Wanda Reynolds,25,Female,
1424,Brenda Garrett,27,Female,
1425,Eugene Holmes,21,Male,93584
1426,Albert Long,29,Male,
1427,Ernest Medina,27,Male,
1428,Jack Morgan,23,Male,
1429,Timothy Welch,31,Male,
1430,Patrick Jenkins,32,Male,
1431,Howard Turner,39,Male,3070-725
1432,Jerry Black,22,Male,
1433,James Porter,38,Male,
1434,Craig Moore,26,Male,
1435,Keith Gomez,24,Male,
1436,Richard Arnold,34,Male,
1437,Jeffrey Spencer,23,Male,83077 CEDEX 9
1438,Kevin Larson,36,Male,
1439,Eugene Gutierrez,37,Male,
1440,Dennis Moreno,37,Male,
1441,Bruce Ferguson,28,Male,
1442,Cheryl Hansen,28,Female,
1443,Theresa Mendoza,37,Female,
1444,Jane Sanchez,38,Female,
1445,Michael Johnson,47,Male,
1446,Victor Jacobs,18,Male,
1447,Matthew Martin,45,Male,
1448,Gary Knight,27,Male,
1449,Jeremy Rodriguez,41,Male,69924 CEDEX
1450,Heather Owens,22,Female,
1451,Nancy Weaver,18,Female,
1452,Matthew Banks,44,Male,
1453,Paul Fox,39,Male,
1454,Dennis Hudson,22,Male,
1455,Howard Oliver,46,Male,
1456,Irene Shaw,34,Female,
1457,Billy Peters,36,Male,1310
1458,Helen Lynch,40,Female,
1459,Teresa Hayes,37,Female,
1460,Deborah Dunn,24,Female,
1461,Carl Jones,50,Male,
1462,Larry Sanchez,33,Male,3050-300
1463,Thomas Harvey,44,Male,
1464,Joseph Howard,24,Male,
1465,Norma Murphy,45,Female,
1466,Linda Bradley,30,Female,
1467,Christine Franklin,50,Female,
1468,Emily Day,32,Female,
1469,Joshua Pierce,40,Male,
1470,Jeremy Wood,23,Male,
1471,Sharon Mendoza,44,Female,
1472,Nicholas Richards,26,Male,
1473,Jack Mills,25,Male,
1474,Brian Turner,40,Male,
1475,Jean Watkins,24,Female,4970-434
1476,Bonnie Chavez,49,Female,
1477,Albert Duncan,35,Male,
1478,Jeffrey Cole,19,Male,7900-234
1479,Anna Peters,23,Female,291 36
1480,Frank Foster,46,Male,
1481,Donald Ellis,35,Male,
1482,Russell Diaz,30,Male,
1483,Anne Roberts,40,Female,
1484,Andrea Stephens,24,Female,
1485,Wanda Carr,23,Female,88504 CEDEX
1486,Stephen Watson,26,Male,
1487,Nancy Grant,21,Female,
1488,Patrick Bailey,24,Male,
1489,Anthony Burton,39,Male,77224 CEDEX
1490,Craig Fernandez,38,Male,
1491,Todd Reid,30,Male,75817 CEDEX 17
1492,Amy Fowler,44,Female,
1493,Randy Morrison,40,Male,
1494,Walter Snyder,30,Male,
1495,Rebecca Harris,21,Female,549 06
1496,Joyce Davis,38,Female,
1497,Lisa Simmons,29,Female,
1498,Timothy Warren,40,Male,
1499,Steve Howell,46,Male,
1500,Ernest Bennett,29,Male,
1501,Beverly Bailey,47,Female,
1502,Victor Phillips,20,Male,
1503,Annie Mendoza,27,Female,
1504,Donna Lynch,37,Female,7522
1505,Phillip Rice,32,Male,
1506,Douglas Phillips,26,Male,
1507,Paula Cunningham,43,Female,
1508,Wanda Watkins,23,Female,
1509,Ashley Garcia,18,Female,
1510,Pamela Meyer,40,Female,
1511,Shirley Cook,49,Female,
1512,Kathleen Hall,47,Female,
1513,Donald Burns,35,Male,
1514,Carol Coleman,39,Female,
1515,Nicholas Moore,41,Male,
1516,Steven Green,35,Male,
1517,Lois Miller,26,Female,
1518,Carol Allen,19,Female,
1519,Walter Pierce,31,Male,
1520,Mark Patterson,22,Male,6404
1521,Shawn Cook,46,Male,93270
1522,Brian Young,47,Male,
1523,Catherine Snyder,20,Female,
1524,Brandon Cox,25,Male,
1525,Peter Barnes,46,Male,
1526,Kathryn Phillips,23,Female,
1527,Ryan Wallace,31,Male,
1528,Helen Gomez,32,Female,
1529,Cynthia Stone,48,Female,
1530,Brandon Carter,50,Male,
1531,Nancy Bryant,48,Female,915 32
1532,Susan Porter,18,Female,
1533,Virginia Perez,20,Female,
1534,Brandon Rogers,33,Male,
1535,Louise Cole,42,Female,
1536,Juan Hansen,24,Male,
1537,Timothy Burke,49,Male,
1538,Betty West,35,Female,
1539,Betty Long,20,Female,
1540,Gloria Kennedy,43,Female,
1541,Kevin Patterson,33,Male,
1542,Todd Johnston,29,Male,
1543,Dorothy Harvey,46,Female,
1544,Martha Collins,36,Female,
1545,Anne Edwards,47,Female,
1546,Jessica Harvey,38,Female,46202
1547,Jennifer Boyd,36,Female,
1548,Shawn Green,50,Male,
1549,Antonio Fuller,30,Male,
1550,Andrew Bailey,36,Male,
1551,Sharon Foster,27,Female,
1552,Nicholas Duncan,22,Male,
1553,Anna Jones,48,Female,
1554,Jeffrey Jones,34,Male,
1555,Stephanie Roberts,19,Female,
1556,Kevin Hughes,18,Male,
1557,Sara Schmidt,45,Female,
1558,Jesse Gonzales,37,Male,
1559,Craig Jackson,28,Male,
1560,Joyce Gordon,37,Female,
1561,Anne Harris,30,Female,2540-664
1562,Christopher Reed,40,Male,
1563,Howard Olson,30,Male,
1564,Randy King,25,Male,
1565,Juan Willis,18,Male,
1566,Martha Morales,49,Female,
1567,Sean Ferguson,30,Male,21019 CEDEX
1568,Julie Ray,37,Female,4660-059
1569,Debra Riley,47,Female,
1570,Chris Simmons,21,Male,
1571,Jacqueline Russell,27,Female,
1572,George Ford,45,Male,
1573,Johnny Cooper,31,Male,
1574,Sara Allen,25,Female,
1575,Kevin Henderson,41,Male,
1576,Gloria Johnston,49,Female,
1577,Steven Kelley,33,Male,
1578,Margaret Jones,21,Female,
1579,Raymond Patterson,18,Male,
1580,Joseph Robinson,27,Male,
1581,Christopher Wagner,20,Male,
1582,Juan Johnston,29,Male,
1583,Marilyn Kim,44,Female,
1584,Frances Turner,28,Female,
1585,Teresa Burns,27,Female,
1586,Annie Wright,23,Female,
1587,Harold Snyder,37,Male,
1588,Andrea Carpenter,28,Female,6005-005
1589,Brandon Roberts,27,Male,
1590,Anthony Green,43,Male,
1591,Beverly Reynolds,42,Female,
1592,Phyllis Bradley,35,Female,720 16
1593,Craig Woods,46,Male,
1594,Christina Ray,44,Female,
1595,Andrea Gonzalez,31,Female,
1596,Bonnie Jones,46,Female,
1597,Christina Frazier,39,Female,
1598,Nicole Fowler,24,Female,
1599,Joe Armstrong,35,Male,CB4
1600,Steven Owens,29,Male,6510
1601,Thomas Olson,44,Male,
1602,Julie Bishop,28,Female,
1603,Marie Green,41,Female,
1604,Richard Carr,35,Male,
1605,Norma Fernandez,21,Female,271 60
1606,Lisa Morales,27,Female,
1607,Richard Castillo,22,Male,
1608,Louis Howard,28,Male,
1609,Harold Ellis,45,Male,
1610,Roy Gordon,50,Male,
1611,Marie Wheeler,24,Female,5030-049
1612,Judith Graham,43,Female,
1613,Kimberly Burns,44,Female,
1614,Larry Ruiz,22,Male,38009 CEDEX 1
1615,Lillian Willis,31,Female,
1616,Phillip Sims,26,Male,
1617,Nicholas Flores,48,Male,
1618,Dennis Campbell,37,Male,
1619,Billy Warren,41,Male,
1620,Ruth Jenkins,42,Female,
1621,Linda Reyes,39,Female,2140-368
1622,Billy Knight,46,Male,
1623,Henry Spencer,23,Male,
1624,Beverly Myers,41,Female,
1625,Carol Larson,30,Female,
1626,Tammy Larson,29,Female,
1627,Jessica Sanchez,26,Female,
1628,Aaron Gordon,41,Male,
1629,Joshua Gilbert,50,Male,
1630,Daniel Torres,28,Male,
1631,Wanda Austin,40,Female,
1632,Karen Harper,43,Female,
1633,Juan Duncan,44,Male,34940 CEDEX 9
1634,Michelle Montgomery,40,Female,
1635,Douglas Tucker,40,Male,
1636,Kathleen Williamson,50,Female,
1637,Helen Larson,49,Female,
1638,Norma Reid,22,Female,
1639,Brandon Ramirez,28,Male,86062 CEDEX 9
1640,Michael Perkins,37,Male,
1641,Jason Mason,19,Male,
1642,Larry Lynch,34,Male,33515 CEDEX
1643,Tammy Harrison,37,Female,
1644,Michael Grant,33,Male,
1645,Jacqueline Hayes,34,Female,
1646,Tammy Robinson,22,Female,32630
1647,Howard Peterson,20,Male,701 43
1648,Joyce Ford,24,Female,
1649,Martha Ray,25,Female,
1650,Anna Duncan,34,Female,
1651,Earl Sanders,34,Male,
1652,Joseph Lopez,39,Male,
1653,Jesse Washington,49,Male,
1654,Russell Kim,40,Male,
1655,Pamela Berry,47,Female,
1656,Sandra Johnston,20,Female,
1657,Mildred Cruz,36,Female,9680-505
1658,Carolyn Olson,35,Female,
1659,Marilyn Coleman,18,Female,
1660,Kathleen Wheeler,24,Female,
1661,Anthony Chavez,42,Male,
1662,Kevin Lawrence,25,Male,
1663,Marilyn Campbell,22,Female,
1664,Ruth Little,35,Female,
1665,Anthony Wilson,28,Male,54783
1666,Juan Johnston,28,Male,
1667,Roy Shaw,35,Male,
1668,Betty Moreno,25,Female,
1669,Tina Johnson,33,Female,
1670,Gregory Rice,22,Male,
1671,Harold Porter,39,Male,
1672,Carol Cox,26,Female,
1673,Ralph Wood,49,Male,98008
1674,Brenda Reyes,30,Female,
1675,Amy Rogers,31,Female,
1676,Douglas Wright,25,Male,
1677,Mary Morgan,43,Female,
1678,Jeffrey Little,41,Male,
1679,Denise Parker,43,Female,
1680,Harry Roberts,36,Male,
1681,Betty Hayes,48,Female,
1682,Jerry Sims,44,Male,
1683,Rose Nguyen,19,Female,
1684,Helen Berry,40,Female,
1685,Charles Graham,26,Male,
1686,Roger Harrison,30,Male,
1687,Mary George,22,Female,45218
1688,Janice Dunn,31,Female,75710
1689,Sarah Spencer,49,Female,
1690,Judy Jenkins,20,Female,
1691,Tammy Powell,35,Female,
1692,Jimmy Dean,42,Male,
1693,Anna Foster,41,Female,
1694,Timothy Lewis,47,Male,
1695,Aaron Lane,29,Male,
1696,Debra Tucker,19,Female,
1697,Stephen Nichols,39,Male,
1698,Maria Burns,31,Female,
1699,Phillip Day,38,Male,
1700,Frances Jackson,20,Female,2435-225
1701,Stephanie Hunt,32,Female,
1702,Frances Wright,40,Female,41355 CEDEX
1703,Carolyn Hanson,48,Female,
1704,Lori Gilbert,23,Female,
1705,Lillian Hunter,19,Female,
1706,Angela Flores,39,Female,
1707,Martin Peters,31,Male,
1708,Matthew Rogers,24,Male,
1709,Diana Cole,46,Female,
1710,Annie Simpson,20,Female,
1711,Christopher Stewart,39,Male,
1712,Patricia Hunter,47,Female,
1713,Christine Collins,44,Female,78804 CEDEX
1714,Kathy Chavez,46,Female,
1715,Ronald Romero,40,Male,
1716,Larry Roberts,36,Male,
1717,Carl Franklin,29,Male,
1718,Ralph Crawford,49,Male,
1719,Ralph Stevens,49,Male,
1720,Carl Jenkins,35,Male,26070
1721,Martha Chapman,50,Female,
1722,Deborah Hamilton,48,Female,
1723,Ruby Alvarez,43,Female,69669 CEDEX
1724,Richard Rice,27,Male,
1725,Clarence Long,49,Male,
1726,Virginia Flores,31,Female,
1727,Martin Green,32,Male,
1728,Melissa Clark,45,Female,
1729,Frances Campbell,28,Female,
1730,Julie Alvarez,29,Female,
1731,Shawn Flores,47,Male,
1732,Dorothy Taylor,46,Female,
1733,Frank Bryant,45,Male,
1734,Steve Bishop,26,Male,2425-497
1735,Louis Lewis,36,Male,
1736,Kathleen Kim,18,Female,
1737,Patrick Henderson,39,Male,
1738,Earl Wallace,42,Male,
1739,Roy Hayes,24,Male,
1740,Benjamin Ellis,19,Male,
1741,Michelle Daniels,26,Female,
1742,Kimberly Walker,43,Female,
1743,Barbara Bradley,25,Female,
1744,Gregory Gordon,41,Male,44984 CEDEX
1745,Louise Johnson,44,Female,
1746,Joseph Smith,23,Male,
1747,Frank Hall,38,Male,39010
1748,Dorothy Gutierrez,28,Female,
1749,Bobby Hicks,36,Male,
1750,Jonathan Robertson,35,Male,441 38
1751,Debra Hanson,48,Female,
1752,Stephanie Walker,39,Female,
1753,Deborah Howell,50,Female,
1754,Beverly Rogers,24,Female,87090
1755,Judith Kelly,22,Female,
1756,Timothy Cunningham,36,Male,
1757,John Peterson,34,Male,
1758,Keith Cooper,37,Male,
1759,Lisa Lawson,33,Female,
1760,Phyllis Sullivan,44,Female,
1761,Sandra Collins,35,Female,161 26
1762,Jennifer Green,33,Female,
1763,Victor Crawford,41,Male,
1764,Ruby Marshall,30,Female,261 91
1765,Jack Carroll,26,Male,4640-324
1766,Catherine Garrett,31,Female,
1767,James Willis,36,Male,
1768,Gloria George,46,Female,
1769,Jean Arnold,21,Female,
1770,Henry Andrews,31,Male,34132
1771,Anthony Williams,28,Male,
1772,Jean Allen,34,Female,
1773,Justin Crawford,21,Male,
1774,Kevin King,43,Male,
1775,Janice Gonzales,33,Female,75419 CEDEX 08
1776,Nicholas Martin,31,Male,
1777,Joshua Ray,31,Male,
1778,Annie Fields,24,Female,
1779,Shirley Powell,43,Female,
1780,Louise West,24,Female,
1781,Elizabeth West,34,Female,92782 CEDEX 9
1782,Jane Miller,40,Female,
1783,Betty Phillips,41,Female,64103
1784,Irene Owens,27,Female,
1785,Juan Nelson,36,Male,
1786,Debra Rodriguez,44,Female,
1787,Arthur George,41,Male,2420-031
1788,Gary Alvarez,37,Male,
1789,Roger Allen,33,Male,
1790,Carolyn Bowman,38,Female,
1791,Carl Campbell,27,Male,
1792,Louise Ford,20,Female,
1793,Andrea Burton,20,Female,
1794,Elizabeth Patterson,27,Female,
1795,Michelle Williamson,48,Female,
1796,Raymond Nguyen,21,Male,
1797,Earl Hayes,21,Male,
1798,Elizabeth Fox,32,Female,
1799,John Griffin,38,Male,
1800,Donald Black,41,Male,
1801,Craig Dunn,29,Male,
1802,Donald Mccoy,44,Male,
1803,Denise Nguyen,28,Female,
1804,Frank Porter,37,Male,
1805,Katherine Bennett,31,Female,
1806,Stephen Sims,44,Male,
1807,Linda Murphy,22,Female,2750-099
1808,Sharon Burke,24,Female,64082
1809,Christina Snyder,44,Female,
1810,Catherine Simpson,44,Female,
1811,Mildred Medina,33,Female,69446 CEDEX 03
1812,Teresa Snyder,49,Female,
1813,Michelle Knight,19,Female,
1814,Deborah Larson,46,Female,1058
1815,Theresa Ortiz,46,Female,
1816,Bonnie Rice,50,Female,
1817,Jerry Lawrence,23,Male,
1818,Brian Welch,37,Male,
1819,Samuel Armstrong,46,Male,
1820,Walter Walker,31,Male,
1821,Donna Ruiz,20,Female,
1822,Russell Thomas,36,Male,
1823,Keith Mcdonald,25,Male,
1824,Jeremy Porter,32,Male,2525-713
1825,Philip Knight,44,Male,
1826,Samuel Cunningham,19,Male,19805
1827,Jessica Ortiz,47,Female,2629
1828,Kimberly Nelson,43,Female,
1829,Karen Cox,35,Female,3830-295
1830,Dorothy Mitchell,50,Female,
1831,Jimmy Riley,31,Male,
1832,Helen Greene,38,Female,351 97
1833,Arthur Gonzales,48,Male,
1834,Cynthia Harrison,29,Female,
1835,Phillip Hall,23,Male,
1836,Annie Marshall,19,Female,
1837,Evelyn Morales,40,Female,
1838,Eugene Turner,30,Male,
1839,Howard Adams,39,Male,
1840,Bobby Brown,34,Male,
1841,Timothy Smith,41,Male,
1842,Bobby Chavez,27,Male,
1843,Alice Willis,30,Female,
1844,Martha Howard,22,Female,
1845,Julia Ortiz,40,Female,
1846,Earl Garcia,36,Male,
1847,Maria Wheeler,33,Female,
1848,Elizabeth Day,24,Female,
1849,Michelle Tucker,47,Female,
1850,Albert Black,28,Male,
1851,Roy Willis,20,Male,
1852,Eugene Henderson,27,Male,
1853,Annie Ellis,34,Female,
1854,Christina Fox,49,Female,777 34
1855,Lori Greene,44,Female,
1856,Gregory Knight,50,Male,
1857,Walter Lee,39,Male,
1858,Helen Butler,44,Female,28050
1859,Frank Kelly,29,Male,
1860,Kathy Andrews,31,Female,
1861,Matthew Collins,26,Male,
1862,Jesse Rodriguez,49,Male,4069
1863,Fred Richards,49,Male,
1864,Albert Ferguson,30,Male,
1865,Frank Hughes,50,Male,
1866,Fred Johnston,36,Male,
1867,Roger Fernandez,47,Male,
1868,Christopher Bell,42,Male,
1869,Henry Rose,24,Male,
1870,Cheryl Ferguson,27,Female,88628
1871,Barbara Morrison,26,Female,
1872,Jonathan Porter,42,Male,
1873,Rose Fowler,29,Female,
1874,Sandra Stanley,28,Female,
1875,Billy Romero,45,Male,
1876,Dorothy Clark,28,Female,
1877,Kathy Morris,25,Female,
1878,Jose Baker,28,Male,
1879,Lisa Brooks,23,Female,533 50
1880,Sandra Barnes,20,Female,
1881,Gary Stephens,27,Male,577 92
1882,Scott Smith,31,Male,
1883,Teresa Cox,49,Female,
1884,James Bowman,38,Male,
1885,Jason Simpson,30,Male,
1886,Robin West,24,Female,
1887,Kathryn Holmes,27,Female,
1888,Emily Payne,50,Female,
1889,Margaret Hayes,44,Female,
1890,Evelyn Lee,25,Female,
1891,Chris Bishop,20,Male,
1892,Russell Burke,21,Male,
1893,Jesse Bennett,23,Male,57076 CEDEX 03
1894,Jeremy Morrison,41,Male,
1895,Carolyn Mccoy,39,Female,
1896,Tina Bell,35,Female,
1897,Jason Medina,38,Male,
1898,Johnny Franklin,40,Male,
1899,Chris Hudson,41,Male,
1900,William Hudson,48,Male,6464
1901,Billy Matthews,26,Male,
1902,Craig Wilson,18,Male,
1903,Judith Dean,27,Female,
1904,Clarence Austin,40,Male,
1905,Earl Mason,42,Male,
1906,Andrew Hansen,26,Male,
1907,Walter Freeman,34,Male,
1908,Cynthia Foster,26,Female,
1909,Roger Watkins,19,Male,
1910,Julia Duncan,39,Female,
1911,Terry Boyd,24,Male,
1912,Patricia Johnson,49,Female,
1913,Jessica Hernandez,49,Female,
1914,Richard Andrews,20,Male,
1915,Tina Gray,20,Female,
1916,Norma Little,18,Female,
1917,Gary Stanley,34,Male,
1918,James Bishop,45,Male,
1919,Gary Jacobs,39,Male,94525 CEDEX 1
1920,Eric Sims,37,Male,
1921,Todd Berry,44,Male,
1922,Catherine Perez,29,Female,
1923,Edward Jordan,25,Male,
1924,Shawn Cox,24,Male,
1925,Joe Lee,19,Male,
1926,Ashley Reyes,34,Female,75390 CEDEX 08
1927,Eric Hudson,49,Male,
1928,Maria King,21,Female,
1929,Marie Gonzalez,34,Female,
1930,Helen Carter,32,Female,
1931,Martin Harris,34,Male,
1932,Mary Romero,29,Female,
1933,Edward Hicks,29,Male,
1934,Thomas Washington,29,Male,
1935,Wanda Hamilton,44,Female,
1936,Russell Reyes,50,Male,
1937,Alice Kennedy,23,Female,
1938,Nicole Gonzales,48,Female,
1939,Frank Butler,44,Male,
1940,Norma Cunningham,46,Female,
1941,Gerald Austin,41,Male,
1942,Sarah Reynolds,19,Female,
1943,Anna Howell,50,Female,100 52
1944,Joan Austin,49,Female,06073 CEDEX 1
1945,Judith Bennett,18,Female,371 79
1946,Jimmy Morrison,25,Male,
1947,Adam Murray,33,Male,
1948,Steve Romero,36,Male,
1949,Jack Elliott,39,Male,
1950,Tammy Adams,29,Female,71984
1951,Samuel Bishop,36,Male,
1952,Phillip Howell,48,Male,
1953,Lawrence Burke,29,Male,
1954,Katherine Gordon,44,Female,4640-107
1955,Lisa Gordon,22,Female,
1956,Janet Myers,46,Female,
1957,Willie Martinez,26,Male,
1958,Chris Gonzalez,25,Male,5150-304
1959,Henry Jackson,22,Male,88778
1960,Antonio Thomas,31,Male,94039 CEDEX
1961,Martin Bradley,44,Male,
1962,Justin Ray,41,Male,
1963,Kathryn Ruiz,40,Female,
1964,Margaret Porter,49,Female,
1965,Jack Boyd,24,Male,
1966,Evelyn Fields,40,Female,
1967,Henry Jordan,38,Male,
1968,Ralph Murphy,37,Male,
1969,Anthony James,39,Male,141 38
1970,Paul Adams,49,Male,
1971,Brian Harris,45,Male,
1972,Ann Vasquez,41,Female,
1973,Jeffrey Ross,39,Male,
1974,Kevin Nichols,39,Male,4785-210
1975,Shawn Green,39,Male,
1976,Jeffrey King,25,Male,501 83
1977,Samuel Castillo,28,Male,
1978,Jose Allen,38,Male,
1979,Ernest Wilson,32,Male,
1980,Joan Montgomery,18,Female,
1981,Juan Richards,37,Male,641 91
1982,Joseph Carr,44,Male,
1983,Cynthia Matthews,38,Female,
1984,Emily Hansen,21,Female,
1985,Benjamin Henry,50,Male,
1986,Doris Long,30,Female,
1987,Irene James,20,Female,
1988,Phyllis Myers,49,Female,
1989,Jason George,27,Male,
1990,Patricia Crawford,21,Female,114 29
1991,Jack Wagner,35,Male,4615-424
1992,Dorothy Williamson,35,Female,
1993,Lisa Chavez,21,Female,
1994,Carlos Bryant,22,Male,
1995,Antonio Sullivan,29,Male,
1996,Benjamin Nelson,44,Male,46852
1997,Gregory Johnston,19,Male,
1998,Nancy Wood,50,Female,
1999,Stephanie Gordon,41,Female,